"id","uuid","name","capacity","unit","color","price","quantity","id_brand","describtion","picture_url"
1,ec215adf-5315-4d9a-9945-c0ba5896c431,Iphone SE,64,GB,White,14900,89,1,iphone8,https://media.discordapp.net/attachments/914926459368390746/914930958883508274/se_white.png?width=856&height=1013
2,b65b8284-e592-4d0d-8544-b85962da596d,Iphone SE,64,GB,Black,14900,99,1,iphone8,https://media.discordapp.net/attachments/914926041657671721/914926459192217662/se_black.png?width=856&height=1013
3,de4dc8b1-fcea-417b-87e4-f9161c7d3a3e,Iphone SE,64,GB,Red,14900,100,1,iphone8,https://media.discordapp.net/attachments/914926459368390746/914930958577336320/se_red.png?width=856&height=1013
4,e97d2170-80bb-4ddd-9ea6-5c91e1d6cb64,Iphone SE,128,GB,White,16900,100,1,iphone8,https://media.discordapp.net/attachments/914926459368390746/914930958883508274/se_white.png?width=856&height=1013
5,f082f34b-e240-4dc1-9581-d77b6b1d2852,Iphone SE,128,GB,Black,16900,92,1,iphone8,https://media.discordapp.net/attachments/914926041657671721/914926459192217662/se_black.png?width=856&height=1013
6,"63b12404-06c5-44a4-a9eb-5b576dcbf8d3",Iphone SE,128,GB,Red,16900,100,1,iphone8,https://media.discordapp.net/attachments/914926459368390746/914930958577336320/se_red.png?width=856&height=1013
7,"33d9f579-6f2d-4a5f-a3de-17444bd5ed19",Iphone 11,64,GB,Purple,19500,100,1,Iphone 11,https://media.discordapp.net/attachments/914931864576327741/914931930108166175/11_purple.png?width=856&height=1013
8,"3598b5b9-2101-4959-ba69-e37de149091a",Iphone 11,64,GB,Green,19500,99,1,Iphone 11,https://media.discordapp.net/attachments/914931864576327741/914931929881665566/11_green.png?width=856&height=1013
9,d398038d-8b09-4550-a78d-afadb3cd9b17,Iphone 11,64,GB,Yellow,19500,100,1,Iphone 11,https://media.discordapp.net/attachments/914931864576327741/914931930909249556/11_yello.png?width=856&height=1013
10,"7cf314e6-9170-4fbc-9463-6613f05c2471",Iphone 11,64,GB,White,19500,100,1,Iphone 11,https://media.discordapp.net/attachments/914931864576327741/914931930645020712/11_white.png?width=856&height=1013
11,e46bd8e6-b752-4407-a795-20c1263e093a,Iphone 11,64,GB,Black,19500,100,1,Iphone 11,https://media.discordapp.net/attachments/914931864576327741/914931929629990992/11_black.png?width=856&height=1013
12,a67a42cb-5b66-47be-bc10-b20a18ac15d9,Iphone 11,64,GB,Red,19500,99,1,Iphone 11,https://media.discordapp.net/attachments/914931864576327741/914931930343014471/11_red.png?width=856&height=1013
13,"479da921-0124-4236-a995-4b231dc823dc",Iphone 11,128,GB,Purple,21500,100,1,Iphone 11,https://media.discordapp.net/attachments/914931864576327741/914931930108166175/11_purple.png?width=856&height=1013
14,"9e50ee58-d3d7-4d5b-99e1-279baa1cc2b2",Iphone 11,128,GB,Green,21500,100,1,Iphone 11,https://media.discordapp.net/attachments/914931864576327741/914931929881665566/11_green.png?width=856&height=1013
15,"1cd55d8b-a2ed-48ba-81d5-8269aecadf1d",Iphone 11,128,GB,Yellow,21500,100,1,Iphone 11,https://media.discordapp.net/attachments/914931864576327741/914931930909249556/11_yello.png?width=856&height=1013
16,f1621971-c412-4495-95a1-8a65f5943ea9,Iphone 11,128,GB,White,21500,100,1,Iphone 11,https://media.discordapp.net/attachments/914931864576327741/914931930645020712/11_white.png?width=856&height=1013
17,"069d11e7-52fc-4d9e-a0e0-007dcb87fc76",Iphone 11,128,GB,Black,21500,100,1,Iphone 11,https://media.discordapp.net/attachments/914931864576327741/914931929629990992/11_black.png?width=856&height=1013
18,a456cd57-80d8-4c64-8b60-17f257a6ac5d,Iphone 11,128,GB,Red,21500,100,1,Iphone 11,https://media.discordapp.net/attachments/914931864576327741/914931930343014471/11_red.png?width=856&height=1013
19,"29b1aaad-2482-4d68-ba1d-f48e58d2baaa",Iphone 12,64,GB,Purple,25900,100,1,Iphone 12,https://media.discordapp.net/attachments/914932983864107078/914933031586889778/12_purple.png?width=856&height=1013
20,"8017e856-6d45-483c-8bd6-c80d972874f8",Iphone 12,64,GB,Blue,25900,100,1,Iphone 12,https://media.discordapp.net/attachments/914932983864107078/914933031045832804/12_blue.png?width=856&height=1013
127,"7f9514d4-5a3b-49ed-90e5-2f178f716cc6",Galaxy S21,256,GB,Phantom Gray,26900,100,2,Galaxy S21,https://media.discordapp.net/attachments/914926041657671721/920361144999374888/Samsung-Galaxy-S21-5G-Phantom-Gray-4-square_medium.png
22,e848936b-26b9-47da-9177-3ba2e99aee39,Iphone 12,64,GB,White,25900,100,1,Iphone 12,https://media.discordapp.net/attachments/914932983864107078/914933032002134096/12_white.png?width=856&height=1013
23,d2361329-fb94-4932-ba7a-d1265bd46ee5,Iphone 12,64,GB,Black,25900,100,1,Iphone 12,https://media.discordapp.net/attachments/914932983864107078/914933030798364744/12_black.png?width=856&height=1013
128,"237a8db2-f332-44e3-b19a-96adb84648f1",Galaxy S21,256,GB,Phantom Pink,26900,100,2,Galaxy S21,https://media.discordapp.net/attachments/914926041657671721/920361111138746428/Samsung-Galaxy-S21-5G-Phantom-Violet-4-square_medium.png
25,"085ec74b-a0e7-4b33-96ed-34e93a1ce700",Iphone 12,128,GB,Purple,27900,100,1,Iphone 12,https://media.discordapp.net/attachments/914932983864107078/914933031586889778/12_purple.png?width=856&height=1013
26,"9ea91f86-5b0a-4af1-8ce5-6466c2def874",Iphone 12,128,GB,Blue,27900,100,1,Iphone 12,https://media.discordapp.net/attachments/914932983864107078/914933031045832804/12_blue.png?width=856&height=1013
129,"4d65be82-c2cd-4b8a-9446-772c7dfa351b",Xiaomi 11T Pro,128,GB,Meteorite Gray,18900,100,3,Xiaomi 11T Pro,https://media.discordapp.net/attachments/914926041657671721/920336830296109097/Xiaomi-Smartphone-Mi-11T-Pro-Meteorite-Gray-5G-1-square_medium.png
28,ee41f2af-7cac-41ea-9618-4cd782a50c20,Iphone 12,128,GB,White,27900,100,1,Iphone 12,https://media.discordapp.net/attachments/914932983864107078/914933032002134096/12_white.png?width=856&height=1013
29,"3b089ae9-c027-4f86-8b10-ef769f9ee975",Iphone 12,128,GB,Black,27900,100,1,Iphone 12,https://media.discordapp.net/attachments/914932983864107078/914933030798364744/12_black.png?width=856&height=1013
130,"539183a4-482c-4204-bd95-5297633e161c",Xiaomi 11T Pro,128,GB,Celestial Blue,18900,100,3,Xiaomi 11T Pro,https://media.discordapp.net/attachments/914926041657671721/920337505168015370/Xiaomi-Smartphone-Mi-11T-Pro-Celestial-Blue-5G-1-square_medium.png
31,"06c3c9f5-bd5d-4e6c-a152-4bf68527dee8",Iphone 12,256,GB,Purple,31900,100,1,Iphone 12,https://media.discordapp.net/attachments/914932983864107078/914933031586889778/12_purple.png?width=856&height=1013
32,a12b1405-ea8d-4586-8169-85e52b4c4646,Iphone 12,256,GB,Blue,31900,100,1,Iphone 12,https://media.discordapp.net/attachments/914932983864107078/914933031045832804/12_blue.png?width=856&height=1013
34,fbc3f7eb-ab0c-4ba5-a301-05f000a99493,Iphone 12,256,GB,White,31900,100,1,Iphone 12,https://media.discordapp.net/attachments/914932983864107078/914933032002134096/12_white.png?width=856&height=1013
35,ddd18866-63a0-4306-b251-377b9e3116e2,Iphone 12,256,GB,Black,31900,100,1,Iphone 12,https://media.discordapp.net/attachments/914932983864107078/914933030798364744/12_black.png?width=856&height=1013
39,cc203e64-9cdd-42c1-830a-318ae729545b,Iphone 12 mini,64,GB,Green,21900,100,1,Iphone 12 mini,https://media.discordapp.net/attachments/914932983864107078/914933031372996618/12_green.png?width=856&height=1013
40,"1f5231e1-b6ee-4927-bc8b-def5d38d423c",Iphone 12 mini,64,GB,White,21900,99,1,Iphone 12 mini,https://media.discordapp.net/attachments/914932983864107078/914933032002134096/12_white.png?width=856&height=1013
41,"101aed04-60af-449d-a3d7-1bf693b66e00",Iphone 12 mini,64,GB,Black,21900,100,1,Iphone 12 mini,https://media.discordapp.net/attachments/914932983864107078/914933030798364744/12_black.png?width=856&height=1013
42,aada74c4-b933-4c78-aaa6-12a6a49cd4ff,Iphone 12 mini,64,GB,Red,21900,100,1,Iphone 12 mini,https://media.discordapp.net/attachments/914932983864107078/914933031792414740/12_red.png?width=856&height=1013
45,aba78497-0bec-4b12-b3bc-4c762577e185,Iphone 12 mini,128,GB,Green,23900,100,1,Iphone 12 mini,https://media.discordapp.net/attachments/914932983864107078/914933031372996618/12_green.png?width=856&height=1013
46,"3bb6ff3c-d777-4594-af87-17895f0c706a",Iphone 12 mini,128,GB,White,23900,100,1,Iphone 12 mini,https://media.discordapp.net/attachments/914932983864107078/914933031792414740/12_red.png?width=856&height=1013
47,"3f12330f-b70e-40c6-94a8-cfb1d0c40514",Iphone 12 mini,128,GB,Black,23900,100,1,Iphone 12 mini,https://media.discordapp.net/attachments/914932983864107078/914933030798364744/12_black.png?width=856&height=1013
48,"32b53753-9b40-4beb-aa9e-ff3e22d3b402",Iphone 12 mini,128,GB,Red,23900,100,1,Iphone 12 mini,https://media.discordapp.net/attachments/914932983864107078/914933031792414740/12_red.png?width=856&height=1013
51,"4630d27c-98bb-45af-87c9-ae0e9c4d559b",Iphone 12 mini,256,GB,Green,27900,100,1,Iphone 12 mini,https://media.discordapp.net/attachments/914932983864107078/914933031372996618/12_green.png?width=856&height=1013
52,"291dc360-367d-46b6-9f5b-0986c2e0dcf0",Iphone 12 mini,256,GB,White,27900,100,1,Iphone 12 mini,https://media.discordapp.net/attachments/914932983864107078/914933032002134096/12_white.png?width=856&height=1013
53,ec536035-39ac-456e-9ae4-f2a4192093c4,Iphone 12 mini,256,GB,Black,27900,100,1,Iphone 12 mini,https://media.discordapp.net/attachments/914932983864107078/914933030798364744/12_black.png?width=856&height=1013
54,e103939e-a2ca-4897-808f-4eea623ff9b7,Iphone 12 mini,256,GB,Red,27900,100,1,Iphone 12 mini,https://media.discordapp.net/attachments/914932983864107078/914933031792414740/12_red.png?width=856&height=1013
55,a7303ee2-fc51-44ec-84c2-2e077562742f,Iphone 13,128,GB,Pink,25900,100,1,Iphone 13,https://media.discordapp.net/attachments/914933705074700358/914933742664040488/13_pink.png?width=856&height=1013
56,"5bf68e37-4a74-40aa-b99b-4bf99e8740c3",Iphone 13,128,GB,Blue,25900,100,1,Iphone 13,https://media.discordapp.net/attachments/914933705074700358/914933742173294682/13_blue.png?width=856&height=1013
57,"53d08f93-7c5d-4a22-96a8-184cdf30855e",Iphone 13,128,GB,Midnight,25900,100,1,Iphone 13,https://media.discordapp.net/attachments/914933705074700358/914933742416560228/13_midnight.png?width=856&height=1013
58,"1eb3362a-9588-4e99-9da4-dca51d71fef9",Iphone 13,128,GB,Starlight,25900,100,1,Iphone 13,https://media.discordapp.net/attachments/914933705074700358/914933743351894036/13_starlight.png?width=856&height=1013
60,b5c86137-e14b-4615-8513-87284199d45b,Iphone 13,256,GB,Pink,29900,100,1,Iphone 13,https://media.discordapp.net/attachments/914933705074700358/914933742664040488/13_pink.png?width=856&height=1013
61,"57fa66d7-81e1-41a2-9d5e-49345466304f",Iphone 13,256,GB,Blue,29900,100,1,Iphone 13,https://media.discordapp.net/attachments/914933705074700358/914933742173294682/13_blue.png?width=856&height=1013
62,"6d3977ca-1098-4233-b67e-09a1464b4ea9",Iphone 13,256,GB,Midnight,29900,100,1,Iphone 13,https://media.discordapp.net/attachments/914933705074700358/914933742416560228/13_midnight.png?width=856&height=1013
63,"92e0f8b0-082f-4ab1-a16b-0d43d35f50cf",Iphone 13,256,GB,Starlight,29900,100,1,Iphone 13,https://media.discordapp.net/attachments/914933705074700358/914933743351894036/13_starlight.png?width=856&height=1013
65,"63fb2dbf-598f-4455-aede-1a725ec71a8e",Iphone 13,512,GB,Pink,37900,100,1,Iphone 13,https://media.discordapp.net/attachments/914933705074700358/914933742664040488/13_pink.png?width=856&height=1013
66,"3ee1bfdc-d83d-4cc4-b62e-af8e1be4c1d8",Iphone 13,512,GB,Blue,37900,100,1,Iphone 13,https://media.discordapp.net/attachments/914933705074700358/914933742173294682/13_blue.png?width=856&height=1013
67,"0e59a83f-0bd1-4e74-bafe-a843f3b3a906",Iphone 13,512,GB,Midnight,37900,100,1,Iphone 13,https://media.discordapp.net/attachments/914933705074700358/914933742416560228/13_midnight.png?width=856&height=1013
68,d47e8242-ceda-4846-9a03-1419137d523c,Iphone 13,512,GB,Starlight,37900,100,1,Iphone 13,https://media.discordapp.net/attachments/914933705074700358/914933743351894036/13_starlight.png?width=856&height=1013
70,"9a2faac8-8672-4024-8c66-bd4436233ecf",Iphone 13 mini,128,GB,Pink,25900,100,1,Iphone 13 mini,https://media.discordapp.net/attachments/914933705074700358/914933742664040488/13_pink.png?width=856&height=1013
72,"8b651489-aca4-4e64-b8b9-fb5134fc6314",Iphone 13 mini,128,GB,Midnight,25900,100,1,Iphone 13 mini,https://media.discordapp.net/attachments/914933705074700358/914933742416560228/13_midnight.png?width=856&height=1013
73,"3ca840c3-788a-45a4-b3a2-6c7b9ce7eab2",Iphone 13 mini,128,GB,Starlight,25900,100,1,Iphone 13 mini,https://media.discordapp.net/attachments/914933705074700358/914933743351894036/13_starlight.png?width=856&height=1013
74,"9c205a5a-4eee-4b4c-9bfb-3c77548d1ef9",Iphone 13 mini,128,GB,Red,25900,100,1,Iphone 13 mini,https://media.discordapp.net/attachments/914933705074700358/914933742982823986/13_red.png?width=856&height=1013
75,"64aac398-ca3b-4f3b-870e-3862ff14d219",Iphone 13 mini,256,GB,Pink,29900,100,1,Iphone 13 mini,https://media.discordapp.net/attachments/914933705074700358/914933742664040488/13_pink.png?width=856&height=1013
131,"5d260104-7276-4642-aa3b-e3afabb1bd1e",Xiaomi 11T Pro,128,GB,Moonlight White,18900,100,3,Xiaomi 11T Pro,https://media.discordapp.net/attachments/914926041657671721/920337559954001970/Xiaomi-Smartphone-Mi-11T-Pro-Moonlight-White-5G-1-square_medium.png
77,c4829116-2222-4c68-9ab5-09f89da295e9,Iphone 13 mini,256,GB,Midnight,29900,100,1,Iphone 13 mini,https://media.discordapp.net/attachments/914933705074700358/914933742416560228/13_midnight.png?width=856&height=1013
78,"3fa6108e-356b-4f56-945b-91cc23cfaaf7",Iphone 13 mini,256,GB,Starlight,29900,100,1,Iphone 13 mini,https://media.discordapp.net/attachments/914933705074700358/914933743351894036/13_starlight.png?width=856&height=1013
79,"204f75b6-6137-42b8-a155-4ef5a3a9f3a7",Iphone 13 mini,256,GB,Red,29900,100,1,Iphone 13 mini,https://media.discordapp.net/attachments/914933705074700358/914933742982823986/13_red.png?width=856&height=1013
80,"80551040-35c9-45f1-97b3-07f477381a2f",Iphone 13 mini,512,GB,Pink,37900,100,1,Iphone 13 mini,https://media.discordapp.net/attachments/914933705074700358/914933742664040488/13_pink.png?width=856&height=1013
132,cb9ea5f8-167c-4b41-af87-e408ab133e09,OnePlus 8T,256,GB,Aquamarine Green,29900,100,4,OnePlus 8T,https://media.discordapp.net/attachments/914926041657671721/920338504624525422/OnePlus-8T-Aquamarine-Green-2-square_medium.png
82,bb783f24-d0e5-4d7b-b38c-12e0fd24f87f,Iphone 13 mini,512,GB,Midnight,37900,100,1,Iphone 13 mini,https://media.discordapp.net/attachments/914933705074700358/914933742416560228/13_midnight.png?width=856&height=1013
83,"9f82580f-2b2c-4d16-8c10-01c0d2352262",Iphone 13 mini,512,GB,Starlight,37900,100,1,Iphone 13 mini,https://media.discordapp.net/attachments/914933705074700358/914933743351894036/13_starlight.png?width=856&height=1013
84,da95733c-ae80-4f45-8286-b6007be0a08c,Iphone 13 mini,512,GB,Red,37900,100,1,Iphone 13 mini,https://media.discordapp.net/attachments/914933705074700358/914933742982823986/13_red.png?width=856&height=1013
85,"24e2773f-a37c-414f-a30c-d2f053a5ad7b",Iphone 13 Pro,128,GB,Sierra Blue,38900,100,1,Iphone 13 Pro,https://media.discordapp.net/attachments/914934249465974835/914934294487654440/13_sierrablue.png?width=856&height=1013
86,"4aa643c4-07d6-4f1c-ba4c-58faaf81a61b",Iphone 13 Pro,128,GB,Silver,38900,100,1,Iphone 13 Pro,https://media.discordapp.net/attachments/914934249465974835/914934294894485554/13_silver.png?width=856&height=1013
87,"9a886648-fddf-4bcd-86bb-5a713f0fc25e",Iphone 13 Pro,128,GB,Gold,38900,100,1,Iphone 13 Pro,https://media.discordapp.net/attachments/914934249465974835/914934293829140560/13_gold.png?width=856&height=1013
133,"6ad51b5e-6fc3-418f-83bc-679e4a4075e6",OnePlus Nord,128,GB,Gray Onyx,14990,100,4,OnePlus Nord,https://media.discordapp.net/attachments/914926041657671721/920339167936909352/OnePlus-Smartphone-Nord-8-128GB-Gray-Onyx-1-square_medium.png
89,"66d20d88-7dc2-461c-aa25-3ef2bda88fa0",Iphone 13 Pro,256,GB,Sierra Blue,42900,100,1,Iphone 13 Pro,https://media.discordapp.net/attachments/914934249465974835/914934294487654440/13_sierrablue.png?width=856&height=1013
90,"467710fe-f710-42b3-97f7-ea4e9c389014",Iphone 13 Pro,256,GB,Silver,42900,100,1,Iphone 13 Pro,https://media.discordapp.net/attachments/914934249465974835/914934294894485554/13_silver.png?width=856&height=1013
91,"18611d2d-2f93-4589-8fa5-9a1c980ef0a3",Iphone 13 Pro,256,GB,Gold,42900,100,1,Iphone 13 Pro,https://media.discordapp.net/attachments/914934249465974835/914934293829140560/13_gold.png?width=856&height=1013
134,"8dbc2779-f165-4367-a764-ae3d44f949ed",OnePlus Nord,128,GB,Blue Marble,14990,100,4,OnePlus Nord,https://media.discordapp.net/attachments/914926041657671721/920339216246898688/OnePlus-Smartphone-Nord-8-128GB-Blue-Marble-2-square_medium.png
93,"6ec5b5cc-cdef-40c2-af6f-3f1e3f1deccd",Iphone 13 Pro,512,GB,Sierra Blue,50900,100,1,Iphone 13 Pro,https://media.discordapp.net/attachments/914934249465974835/914934294487654440/13_sierrablue.png?width=856&height=1013
94,"6ebc40e4-b9ab-4445-809b-c57395ea3236",Iphone 13 Pro,512,GB,Silver,50900,100,1,Iphone 13 Pro,https://media.discordapp.net/attachments/914934249465974835/914934294894485554/13_silver.png?width=856&height=1013
95,"1dbc3551-69de-4136-afbd-0818738585f5",Iphone 13 Pro,512,GB,Gold,50900,100,1,Iphone 13 Pro,https://media.discordapp.net/attachments/914934249465974835/914934293829140560/13_gold.png?width=856&height=1013
135,"343f23b7-419c-4f56-a611-55b0d4bcecf8",Galaxy Z Flip3,128,GB,Gray,34900,100,2,Galaxy Z Flip3,https://media.discordapp.net/attachments/914926041657671721/920356412234809365/th-galaxy-z-flip3-f711-5g-396917-sm-f711bzwbthl-thumb-523295947.png
97,"7106c296-0ce8-4961-b051-b3bd3efc5d3f",Iphone 13 Pro,1,TB,Sierra Blue,58900,100,1,Iphone 13 Pro,https://media.discordapp.net/attachments/914934249465974835/914934294487654440/13_sierrablue.png?width=856&height=1013
98,"2c8732dd-222f-4423-9817-1f67d0b463ed",Iphone 13 Pro,1,TB,Silver,58900,100,1,Iphone 13 Pro,https://media.discordapp.net/attachments/914934249465974835/914934294894485554/13_silver.png?width=856&height=1013
99,d1d5a661-49dd-4046-b586-6b54b72efb3e,Iphone 13 Pro,1,TB,Gold,58900,100,1,Iphone 13 Pro,https://media.discordapp.net/attachments/914934249465974835/914934293829140560/13_gold.png?width=856&height=1013
136,"62a20a51-cfd5-4b23-8de3-041aa006e7bc",Galaxy Z Flip4,128,GB,White,34900,100,2,Galaxy Z Flip3,https://media.discordapp.net/attachments/914926041657671721/920356412234809365/th-galaxy-z-flip3-f711-5g-396917-sm-f711bzwbthl-thumb-523295947.png
101,"4cafcc9b-fcce-445d-89c3-64fb9bf9adb0",Iphone 13 Pro Max,128,GB,Sierra Blue,42900,100,1,Iphone 13 Pro Max,https://media.discordapp.net/attachments/914934249465974835/914934294487654440/13_sierrablue.png?width=856&height=1013
137,"7176c438-dc33-41d4-a99a-796a5f9cdceb",Galaxy Z Flip5,128,GB,Pink,34900,100,2,Galaxy Z Flip3,https://media.discordapp.net/attachments/914926041657671721/920356616841334804/th-galaxy-z-flip3-f711-5g-396917-sm-f711blibthl-thumb-523295871.png
103,d9460ae7-e241-4775-bde3-ea842013a3c9,Iphone 13 Pro Max,128,GB,Gold,42900,100,1,Iphone 13 Pro Max,https://media.discordapp.net/attachments/914934249465974835/914934293829140560/13_gold.png?width=856&height=1013
104,"88e4e36b-9330-46c6-b31d-f6d9bcbf5a64",Iphone 13 Pro Max,128,GB,Graphite,42900,100,1,Iphone 13 Pro Max,https://media.discordapp.net/attachments/914934249465974835/914934294131142686/13_graphite.png?width=856&height=1013
105,d4e83913-d40b-44d9-9d27-6f12d3c09e5d,Iphone 13 Pro Max,256,GB,Sierra blue,46900,100,1,Iphone 13 Pro Max,https://media.discordapp.net/attachments/914934249465974835/914934294487654440/13_sierrablue.png?width=856&height=1013
107,"6d2ad6e7-240e-4747-92c4-2486d182c7ea",Iphone 13 Pro Max,256,GB,Gold,46900,100,1,Iphone 13 Pro Max,https://media.discordapp.net/attachments/914934249465974835/914934293829140560/13_gold.png?width=856&height=1013
108,"75558183-6092-48ea-a72d-5d43d7bc1135",Iphone 13 Pro Max,256,GB,Graphite,46900,100,1,Iphone 13 Pro Max,https://media.discordapp.net/attachments/914934249465974835/914934294131142686/13_graphite.png?width=856&height=1013
109,d012b7f4-9007-4d78-ad0a-3060552525df,Iphone 13 Pro Max,512,GB,Sierra blue,54900,100,1,Iphone 13 Pro Max,https://media.discordapp.net/attachments/914934249465974835/914934294487654440/13_sierrablue.png?width=856&height=1013
111,b39089f7-32da-4a4d-a2ba-f3a1e72c18c5,Iphone 13 Pro Max,512,GB,Gold,54900,100,1,Iphone 13 Pro Max,https://media.discordapp.net/attachments/914934249465974835/914934293829140560/13_gold.png?width=856&height=1013
112,c7e3a19f-0637-4aa2-a273-a0ec93d1d631,Iphone 13 Pro Max,512,GB,Graphite,54900,100,1,Iphone 13 Pro Max,https://media.discordapp.net/attachments/914934249465974835/914934294131142686/13_graphite.png?width=856&height=1013
113,"4bc636ec-6745-4409-af99-5254b97f82ed",Iphone 13 Pro Max,1,TB,Sierra Blue,62900,100,1,Iphone 13 Pro Max,https://media.discordapp.net/attachments/914934249465974835/914934294487654440/13_sierrablue.png?width=856&height=1013
115,"5386fb27-cbf7-4900-9fae-cfe0e64086d9",Iphone 13 Pro Max,1,TB,Gold,62900,100,1,Iphone 13 Pro Max,https://media.discordapp.net/attachments/914934249465974835/914934293829140560/13_gold.png?width=856&height=1013
116,d555b02b-85d7-4909-ab2c-0b6d9d9006b7,Iphone 13 Pro Max,1,TB,Graphite,62900,100,1,Iphone 13 Pro Max,https://media.discordapp.net/attachments/914934249465974835/914934294131142686/13_graphite.png?width=856&height=1013
117,"4d988032-6043-40fa-a23a-85963dea7b89",Galaxy Z Fold3 5G,256,GB,Phantom Black,57900,100,2,Galaxy Z Fold3 5G,https://media.discordapp.net/attachments/914926041657671721/920333765241372712/Screen_Shot_2564-12-14_at_22.17.33.png
118,ae76a1fc-5461-4721-be10-8b78608309ef,Galaxy Z Fold3 5G,256,GB,Phantom Green,57900,100,2,Galaxy Z Fold3 5G,https://media.discordapp.net/attachments/914926041657671721/920333765509775390/Screen_Shot_2564-12-14_at_22.17.35.png
119,af888fa8-9334-438d-bec5-c86f83505543,Galaxy Z Fold3 5G,256,GB,Phantom Silver,57900,100,2,Galaxy Z Fold3 5G,https://media.discordapp.net/attachments/914926041657671721/920333765761445908/Screen_Shot_2564-12-14_at_22.17.37.png
120,d8d89cd6-b3b4-4a41-aa52-a15e03ed4fdc,Galaxy Z Fold3 5G,512,GB,Phantom Black,61900,100,2,Galaxy Z Fold3 5G,https://media.discordapp.net/attachments/914926041657671721/920333765241372712/Screen_Shot_2564-12-14_at_22.17.33.png
121,eaa36765-eaa6-4288-aad1-349955f938e8,Galaxy Z Fold3 5G,512,GB,Phantom Green,61900,100,2,Galaxy Z Fold3 5G,https://media.discordapp.net/attachments/914926041657671721/920333765509775390/Screen_Shot_2564-12-14_at_22.17.35.png
122,"0c5fd3b3-d46c-4d1c-b7c3-1df750d7dc56",Galaxy Z Fold3 5G,512,GB,Phantom Silver,61900,100,2,Galaxy Z Fold3 5G,https://media.discordapp.net/attachments/914926041657671721/920333765761445908/Screen_Shot_2564-12-14_at_22.17.37.png
123,a3bce239-6b54-4f44-9f60-41974c728707,Galaxy S21,128,GB,Phantom Violet,24900,100,2,Galaxy S21,https://media.discordapp.net/attachments/914926041657671721/920361078137946122/Samsung-Galaxy-S21-5G-Phantom-Pink-3-square_medium.png
124,e0fa8eca-becd-4557-ab8e-1d1fb4bfe635,Galaxy S21,128,GB,Phantom Gray,24900,100,2,Galaxy S21,https://media.discordapp.net/attachments/914926041657671721/920361144999374888/Samsung-Galaxy-S21-5G-Phantom-Gray-4-square_medium.png
125,"4ded979e-81ef-44e0-8b35-d5659236a6a5",Galaxy S21,128,GB,Phantom Pink,24900,100,2,Galaxy S21,https://media.discordapp.net/attachments/914926041657671721/920361111138746428/Samsung-Galaxy-S21-5G-Phantom-Violet-4-square_medium.png
126,a8d19a7a-0180-4f9a-9648-52b977c0b246,Galaxy S21,256,GB,Phantom Violet,26900,100,2,Galaxy S21,https://media.discordapp.net/attachments/914926041657671721/920361078137946122/Samsung-Galaxy-S21-5G-Phantom-Pink-3-square_medium.png
138,bc1944a3-14ee-4eb4-b421-babaa2cedb92,Galaxy Z Flip3,256,GB,Gray,36900,99,2,Galaxy Z Flip3,https://media.discordapp.net/attachments/914926041657671721/920356412234809365/th-galaxy-z-flip3-f711-5g-396917-sm-f711bzwbthl-thumb-523295947.png
139,ead177a1-1278-429e-9b8d-d7117ad89fc1,Galaxy Z Flip3,256,GB,White,36900,100,2,Galaxy Z Flip3,https://media.discordapp.net/attachments/914926041657671721/920356412234809365/th-galaxy-z-flip3-f711-5g-396917-sm-f711bzwbthl-thumb-523295947.png
140,"10322cba-758f-4c57-84b8-fb318b298606",Galaxy Z Flip3,256,GB,Pink,36900,100,2,Galaxy Z Flip3,https://media.discordapp.net/attachments/914926041657671721/920356616841334804/th-galaxy-z-flip3-f711-5g-396917-sm-f711blibthl-thumb-523295871.png
141,a0dc5e00-6ec8-4e59-9429-1b492e351d55,Xiaomi 11T,256,GB,Meteorite Gray,14900,100,3,Xiaomi 11T,https://media.discordapp.net/attachments/914926041657671721/920357549079924807/Xiaomi-Smartphone-Mi-11T-Meteorite-Gray-5G-1-square_medium.png
142,"774e4514-d748-41f1-86bf-07f461be0c86",Xiaomi 11T,256,GB,Moonlight White,14900,100,3,Xiaomi 11T,https://media.discordapp.net/attachments/914926041657671721/920357571397824562/Xiaomi-Smartphone-Mi-11T-Moonlight-White-5G-1-square_medium.png
143,"8bda5fa3-f10c-4522-b7f9-669d6f612c16",Xiaomi 11T,256,GB,Celestial Blue,14900,100,3,Xiaomi 11T,https://media.discordapp.net/attachments/914926041657671721/920357594219028520/Xiaomi-Smartphone-Mi-11T-Celestial-Blue-5G-1-square_medium.png
144,"3e9245bb-c39b-4ae4-ab27-9980a86e09b2",Xiaomi redmi 9c,64,GB,Midnight Gray,3999,100,3,Xiaomi redmi 9c,https://media.discordapp.net/attachments/914926041657671721/920358205903745054/Xiaomi-Redmi-9C-Midnight-Gray-1-square_medium.png
145,e6bf40a4-c9a4-421d-a61d-dff524b750d4,Xiaomi redmi 9c,64,GB,Twight Blue,3999,100,3,Xiaomi redmi 9c,https://media.discordapp.net/attachments/914926041657671721/920358235519713280/Xiaomi-Redmi-9C-Twight-Blue-1-square_medium.png
146,"741071d7-06ba-4913-8d69-70fca5fe82d7",Xiaomi redmi 9c,64,GB,Sunrise Orange,3999,100,3,Xiaomi redmi 9c,https://media.discordapp.net/attachments/914926041657671721/920358285142523984/Xiaomi-Redmi-9C-Sunrise-Orange-1-square_medium.png
147,e6591299-8742-49ee-af9b-db644149f006,Oneplus Nord 2,128,GB,Blue Haze,17900,100,4,Oneplus Nord 2,https://media.discordapp.net/attachments/914926041657671721/920358840799752192/OnePlus-Smartphone-Nord-2-Blue-Haze-5G-1-square_medium.png
